<beans xmlns="http://www.springframework.org/schema/beans"
	xmlns:p="http://www.springframework.org/schema/p"
	xmlns:xsi="http://www.w3.org/2001/XMLSchema-instance"
	xmlns:context="http://www.springframework.org/schema/context"
	xmlns:mvc="http://www.springframework.org/schema/mvc"
	xmlns:aop="http://www.springframework.org/schema/aop"
	xsi:schemaLocation="http://www.springframework.org/schema/beans http://www.springframework.org/schema/beans/spring-beans-4.0.xsd
                           http://www.springframework.org/schema/context http://www.springframework.org/schema/context/spring-context-4.0.xsd
                           http://www.springframework.org/schema/mvc http://www.springframework.org/schema/mvc/spring-mvc-4.0.xsd 
                           http://www.springframework.org/schema/aop http://www.springframework.org/schema/aop/spring-aop-4.0.xsd ">

	<mvc:annotation-driven />

	<context:component-scan base-package="com" />

	<!-- EHCache 기반 CacheManager 설정 -->
	<bean id="cacheManager" class="org.springframework.cache.ehcache.EhCacheCacheManager">
	    <property name="cacheManager" ref="ehcache"/>
	</bean>

	<!-- ehcache.xml 설정 로드 -->
	<bean id="ehcache" class="org.springframework.cache.ehcache.EhCacheManagerFactoryBean">
	    <property name="configLocation" value="classpath:ehcache.xml"/>
	    <property name="shared" value="true"/>
	</bean>

	<bean
		class="org.springframework.web.servlet.view.UrlBasedViewResolver">
		<property name="viewClass"
			value="org.springframework.web.servlet.view.JstlView" />
		<property name="prefix" value="/WEB-INF/jsp/" />
		<property name="suffix" value=".jsp" />
	</bean>


</beans>