<?xml version="1.0" encoding="UTF-8"?>
<!DOCTYPE log4j:configuration PUBLIC "-//APACHE//DTD LOG4J 1.2//EN" "log4j.dtd">
<log4j:configuration xmlns:log4j="http://jakarta.apache.org/log4j/">
 
    <!-- Appenders -->
    <appender name="console" class="org.apache.log4j.ConsoleAppender">
        <param name="Target" value="System.out" />
        <layout class="org.apache.log4j.PatternLayout">
            <!--<param name="ConversionPattern" value="%-5p: %c - %m%n" /> -->
                <param name="ConversionPattern" value="%d{yyyy-MM-dd HH:mm:ss} %-5p: %l - %m%n" />
                
        </layout>
    </appender>
 
<!-- Application Loggers -->
    <logger name="com.choies">
        <level value="debug" />
    </logger>
 
<!-- Root Logger -->
    <root>
        <priority value="debug" />
        <appender-ref ref="console" />
    </root>
    
</log4j:configuration>